Top queries,Clicks,Impressions,CTR,Position
cares360,205,449,45.66%,1.05
cares 360,111,355,31.27%,1.4
nashville cares,64,4499,1.42%,5.62
nashville cares clinic,49,1721,2.85%,4.06
cares 360 memphis,48,105,45.71%,1
cares 360 community clinic,47,151,31.13%,1.05
nashville cares 360,37,121,30.58%,1.02
my house clinic,30,470,6.38%,2.79
care 360,19,526,3.61%,41.24
nashville cares clinic at my house,19,167,11.38%,3.6
the corner memphis,19,157,12.1%,2.76
nashville cares metroplex,15,154,9.74%,2.12
std testing near me,14,761,1.84%,8.25
nashville cares my house,13,134,9.7%,2.84
std testing nashville,12,1185,1.01%,24.72
my house nashville,12,546,2.2%,10.03
free std testing near me,12,541,2.22%,7.39
free std testing memphis,11,122,9.02%,1.87
free std testing nashville,9,1115,0.81%,21.61
cares clinic,7,122,5.74%,24.68
care360,7,91,7.69%,5.87
360 care,6,210,2.86%,6.43
gender affirming care nashville,5,133,3.76%,2.98
cares 360 community clinic nashville,5,17,29.41%,1
hiv testing near me,4,147,2.72%,5.67
sti testing near me,3,209,1.44%,8
care 360 clinic,3,79,3.8%,8.59
the corner,3,16,18.75%,1.56
transgender hormone therapy near me,3,3,100%,1
std testing,2,423,0.47%,4.88
std testing memphis,2,164,1.22%,5.8
free clinic near me,2,58,3.45%,12.24
same day std testing nashville,2,39,5.13%,16.74
urgent care near me,2,35,5.71%,36.23
360 health,2,34,5.88%,21.71
free sti testing near me,2,30,6.67%,2.93
free std testing near me no insurance,2,15,13.33%,5.87
glenda moses,2,13,15.38%,1.23
free std testing memphis tn,2,11,18.18%,5
nashville care,1,364,0.27%,3.5
cares,1,205,0.49%,3.8
nashville cares nashville tn,1,149,0.67%,8.98
free hiv testing near me,1,140,0.71%,5.45
free std testing,1,128,0.78%,5.92
free sti testing,1,116,0.86%,5.34
inclusive health nashville,1,105,0.95%,7.27
std testing memphis tn,1,100,1%,5.18
friends for all clinic,1,88,1.14%,7.18
633 thompson lane,1,80,1.25%,5.56
hiv testing nashville,1,79,1.27%,8.85
nashville std clinic,1,73,1.37%,28.99
hiv test,1,57,1.75%,3.37
360 cares,1,52,1.92%,5.38
free std testing nashville tn,1,50,2%,14.18
free testing clinic near me,1,41,2.44%,6
nashvillecares,1,36,2.78%,7.58
hiv testing,1,34,2.94%,4.71
rapid hiv test near me,1,31,3.23%,7.1
free hiv testing,1,29,3.45%,4.07
free health clinic nashville,1,26,3.85%,10.04
sti clinic near me,1,25,4%,6.8
urgent care nashville,1,25,4%,38.16
kassem bourgi,1,24,4.17%,7.5
clinic,1,24,4.17%,24
std testing nashville free,1,23,4.35%,18.04
walk in clinic nashville,1,22,4.55%,29.95
free clinics in nashville tennessee,1,21,4.76%,17.24
std testing near me free,1,18,5.56%,6.94
free sti clinic near me,1,16,6.25%,4.88
free clinics for the uninsured,1,16,6.25%,11.62
sexual health clinic near me,1,13,7.69%,2.15
std screening near me,1,11,9.09%,2.64
where can i get a free tb test,1,11,9.09%,3.82
free clinics near me no insurance,1,11,9.09%,10.91
std clinic near me free,1,9,11.11%,1.56
sti free testing,1,8,12.5%,5
free std and hiv testing near me,1,8,12.5%,5.62
tb testing near me,1,8,12.5%,10
clinic 360,1,8,12.5%,17.62
myhouse,1,7,14.29%,1.86
free pap smear near me,1,7,14.29%,3
sti testing free,1,7,14.29%,5.57
tb test nashville,1,7,14.29%,9
free clinics nashville tn,1,7,14.29%,22
same day sti testing near me,1,5,20%,2.6
free health clinic near me,1,5,20%,13.4
ahf wellness centers,1,4,25%,1
transgender healthcare near me,1,4,25%,1.75
ready clinic near me,1,4,25%,2
std panel test near me,1,4,25%,2.75
free chlamydia testing near me,1,4,25%,4.25
rapid herpes test near me,1,4,25%,6
free sti and std testing near me,1,4,25%,7.5
sti and hiv testing near me,1,3,33.33%,1.67
free walk in std testing near me,1,3,33.33%,3
pap smear test near me,1,3,33.33%,3.33
herpes testing near me free,1,3,33.33%,3.67
free sti std testing near me,1,3,33.33%,4
low cost clinic near me,1,3,33.33%,12
clinic to get tested for std,1,2,50%,1.5
low cost sti testing near me,1,2,50%,2
360 medical center,1,2,50%,4
walk in abortion clinic near me,1,2,50%,8.5
std test free,1,2,50%,12
lgbtq friendly doctors near me,1,2,50%,20.5
nashville clinics,1,2,50%,28.5
360 medical centers,1,1,100%,1
clincis,1,1,100%,1
free clinics for pregnancy,1,1,100%,1
free std/hiv testing near me,1,1,100%,1
get an ekg near me,1,1,100%,1
health clinic near me for std testing,1,1,100%,1
lab clinics near me,1,1,100%,1
low cost doctor,1,1,100%,1
std clinic near me no insurance,1,1,100%,1
where to go get tested for stds near me,1,1,100%,1
herpe testing,1,1,100%,2
para trans,1,1,100%,2
private std testing,1,1,100%,2
std testing free clinic,1,1,100%,2
std testing free no insurance,1,1,100%,2
where to get pep near me,1,1,100%,4
same day iud insertion near me,1,1,100%,5
std testing full panel,1,1,100%,5
cna clinic,1,1,100%,6
free std testing near me for men,1,1,100%,6
std testing rapid results,1,1,100%,6
clinics to volunteer at near me,1,1,100%,7
community care near me,1,1,100%,10
where can i go for a uti near me,1,1,100%,10
free clinic open on weekends,1,1,100%,14
community health clinic,1,1,100%,21
nashville urgent care clinics,1,1,100%,21
rental deposit assistance nashville tn,1,1,100%,56
free hep c testing near me,0,743,0%,1.22
nashville std testing,0,439,0%,29.34
std test nashville,0,343,0%,34.06
no insurance dr,0,176,0%,1.06
sti testing nashville,0,162,0%,13.39
cares health,0,159,0%,30.97
std testing brentwood tn,0,158,0%,29.25
tennessee herpes support,0,143,0%,27.46
"nashville cares, social service, nashville",0,140,0%,11.49
633 thompson lane nashville tn,0,134,0%,7.67
sti testing,0,119,0%,5.12
tb test near me,0,111,0%,2.44
rapid covid test nashville,0,98,0%,66.66
all about you healthcare,0,97,0%,17.15
care 360 program,0,97,0%,68.91
std testing nashville tn,0,95,0%,23.19
care,0,91,0%,4.4
std clinic nashville,0,90,0%,19.07
what is care 360,0,87,0%,77.16
nextcare urgent care,0,77,0%,1.19
360 healthcare,0,76,0%,41.09
home health care near me,0,75,0%,50.16
std clinic near me,0,73,0%,7.97
health 360,0,71,0%,39.92
healthcare to you,0,67,0%,70.96
ccare,0,65,0%,3.12
care nashville,0,63,0%,23.51
rapid covid testing nashville,0,63,0%,59.89
std testing germantown tn,0,58,0%,16.76
clinic near me,0,57,0%,22.44
free hiv testing nashville,0,54,0%,22.28
health care to you,0,54,0%,75.87
home health care assessment nashville,0,53,0%,57.25
care plan oversight services nashville,0,50,0%,17.98
free clinic nashville,0,50,0%,24.32
care300,0,50,0%,62.86
chronic condition management in nashville,0,45,0%,56.82
caring,0,44,0%,4.95
care team,0,43,0%,46.91
360 screening,0,41,0%,56.95
free std clinic near me,0,40,0%,4.62
center for health care value,0,38,0%,55.97
sti nashville,0,37,0%,41.59
hiv clinic near me,0,36,0%,4.03
prep clinic nashville,0,36,0%,80.36
std clinic,0,35,0%,5.46
chlamydia treatment,0,35,0%,7.43
inclusive health services,0,35,0%,46.29
testing,0,34,0%,1.62
std testing in nashville,0,34,0%,22.71
clinic nashville,0,33,0%,11.94
care to you health,0,33,0%,80.33
6156479096,0,32,0%,17.53
360 health services,0,32,0%,47.91
needle exchange nashville,0,32,0%,71.09
community care,0,31,0%,1.87
care clinic,0,31,0%,2.39
coag clinic,0,31,0%,3.81
memphis std testing,0,31,0%,13.29
comprehensive care clinic nashville,0,31,0%,71.61
cares healthcare,0,30,0%,24.8
std testing bartlett tn,0,30,0%,34.33
her health 360 nashville,0,29,0%,8.97
tb skin test near me,0,29,0%,10.1
care 360 customer service,0,29,0%,20.62
cares360.org owner,0,28,0%,1
test,0,28,0%,1
rapid hiv test,0,28,0%,4.18
std testing lebanon tn,0,28,0%,87.29
free sti test near me,0,27,0%,6.11
clinics near me,0,27,0%,26.07
free sti testing nashville,0,25,0%,3.04
hiv test near me,0,25,0%,6.16
nashville free clinic,0,25,0%,7.96
rapid std testing near me,0,25,0%,8.08
careconnect 360,0,25,0%,39.4
the corner clinic,0,24,0%,1.75
rapid hiv testing near me,0,24,0%,3.83
std treatment near me,0,24,0%,8.38
care to you,0,24,0%,43.58
nashville std testing free,0,23,0%,9.74
katrevia campbell,0,23,0%,21.13
care4u clinic,0,23,0%,49.87
careclinic,0,22,0%,3.32
nashville prep clinic,0,22,0%,73.18
hiv clinic nashville,0,21,0%,1.81
360care,0,21,0%,5.33
std check near me,0,21,0%,6.38
nashville clinic,0,21,0%,11.48
my care 360,0,21,0%,12.24
nashville free std testing,0,21,0%,15.1
reach 360 multiple clients small medical clinics individual services,0,21,0%,15.48
care experience,0,21,0%,67.48
chlamydia test,0,20,0%,4.2
free hiv test,0,20,0%,4.9
the corner memphis tn,0,20,0%,7.2
nashvillecaremanager.com owner,0,20,0%,8.1
std test,0,20,0%,8.25
std test near me,0,20,0%,8.75
360 clinic,0,20,0%,21.05
free clinic nashville tn,0,20,0%,29.1
std testing cookeville,0,20,0%,76.1
hiv clinic,0,19,0%,1.74
nashvillecares.org,0,19,0%,2.32
chlamydia testing near me,0,19,0%,4.84
project access nashville specialty care,0,19,0%,8.47
alliance care 360,0,19,0%,37.79
routine check-ups in nashville,0,19,0%,79.58
std clinic memphis,0,18,0%,2.94
my care,0,18,0%,3.56
std testing at home,0,18,0%,6.61
where to get std test near me,0,18,0%,7.72
free clinic,0,18,0%,8.83
walk in clinic near me,0,18,0%,15.33
sti testing memphis,0,17,0%,1.12
free testing clinic,0,17,0%,6.12
great care health services,0,17,0%,37.76
community care clinic,0,17,0%,39
cares for you,0,17,0%,43.47
qcare,0,16,0%,2.12
ccrs,0,16,0%,2.88
walk in std testing near me,0,16,0%,3.38
tn cares,0,16,0%,3.94
free std test,0,16,0%,8.12
care for your health,0,16,0%,61.25
hiv nashville,0,15,0%,2.4
hsv testing,0,15,0%,5.2
std clinics near me,0,15,0%,5.53
sti clinic,0,15,0%,6.53
nashville cares jobs,0,15,0%,12.2
care s,0,15,0%,39.53
std testing ellicott city,0,15,0%,48.87
destiny mcgill nashville tn,0,15,0%,50.07
hiv testing memphis,0,14,0%,1.79
sexual health clinic,0,14,0%,2.07
std testing free,0,14,0%,3.64
sti test,0,14,0%,5.5
tb skin test,0,14,0%,5.71
std,0,14,0%,7.29
free clinics near me,0,14,0%,7.71
higher care,0,14,0%,39.29
care 365,0,14,0%,43.93
healthcare foundation nashville tennessee,0,14,0%,49.86
caregiver burnout quiz nashville,0,14,0%,87.21
hrt nashville tn,0,14,0%,97.79
free std clinic,0,13,0%,4.54
health services,0,13,0%,20.23
urgent care,0,13,0%,49.92
lentz public health center,0,13,0%,73.92
free sti testing memphis,0,12,0%,1.67
sti,0,12,0%,5.42
panel test std,0,12,0%,6
ccap,0,12,0%,6.33
herpes testing near me,0,12,0%,6.75
hiv treatment,0,12,0%,7.42
chlamydia,0,12,0%,7.75
hiv,0,12,0%,9.83
360 care locations,0,12,0%,11.5
cares kalamazoo,0,12,0%,47.83
care for you clinic,0,12,0%,54.17
clark & washington nashville tennessee,0,12,0%,70.92
nextcare,0,11,0%,1.18
hiv care near me,0,11,0%,1.64
sexual lubricants memphis,0,11,0%,4
sti test near me,0,11,0%,7.27
free hiv test near me,0,11,0%,7.64
360 care insurance,0,11,0%,10.09
xmedius nashville,0,11,0%,13.64
lgbt friendly doctors nashville,0,11,0%,29.18
matter health nashville,0,11,0%,35.73
health care 360,0,11,0%,40.55
diversity health nashville,0,11,0%,42.09
healthcare 360,0,11,0%,55.73
adult special care,0,11,0%,69.45
sti testing memphis tn,0,10,0%,1
c care,0,10,0%,1.8
tennessee cares,0,10,0%,2.7
full panel std test near me,0,10,0%,5
site:http://cares360.org,0,10,0%,6
tb test,0,10,0%,6.2
free std test near me,0,10,0%,6.4
std testing clinic,0,10,0%,6.9
clinc,0,10,0%,7.8
care corner,0,10,0%,15.2
free clinics nashville,0,10,0%,18.8
care for who i am,0,10,0%,19.1
walk in clinic,0,10,0%,26.2
care 4 you clinic,0,10,0%,33.7
test prep,0,10,0%,41
lentz clinic,0,10,0%,74.9
inclusive health,0,9,0%,2
hiv center near me,0,9,0%,2.56
free std check near me,0,9,0%,3.11
cheap std testing near me,0,9,0%,3.78
herpes test,0,9,0%,8.11
360 behavioral health,0,9,0%,8.22
places to get tested for stds near me,0,9,0%,8.44
std testing in memphis tn,0,9,0%,10.22
360 care phone number,0,9,0%,17.67
free testing near me,0,9,0%,18
clinica,0,9,0%,21.78
std testing franklin tn,0,9,0%,26.11
whole-person healthcare nashville,0,9,0%,31
care office,0,9,0%,57.11
center for quality care,0,9,0%,58.56
cares hospital,0,9,0%,59.89
std free testing near me,0,8,0%,1
nashville care center,0,8,0%,1.38
q care,0,8,0%,1.62
communitycare,0,8,0%,1.75
cls health,0,8,0%,2
chlamydia testing,0,8,0%,2.62
free std screening,0,8,0%,2.62
rapid hiv testing,0,8,0%,3.12
clinicare,0,8,0%,3.25
hiv rapid test,0,8,0%,3.5
free herpes testing,0,8,0%,3.88
test here,0,8,0%,4.62
my health,0,8,0%,5.62
hiv testing free near me,0,8,0%,7
rapid sti testing near me,0,8,0%,7.62
hiv rapid test near me,0,8,0%,7.75
full panel std test,0,8,0%,8
hiv in memphis,0,8,0%,9.5
we care too,0,8,0%,10.38
carenow,0,8,0%,11.12
health clinic nashville,0,8,0%,17.25
clinica nashville,0,8,0%,18.38
accomplish 360,0,8,0%,23.62
std testing murfreesboro tn,0,8,0%,27.62
mcarthur vanosdale,0,8,0%,27.88
lgbtq healthcare nashville,0,8,0%,42.12
care secure,0,8,0%,46.5
system of care center,0,8,0%,54.75
cares agency,0,8,0%,58.12
haart clinic,0,8,0%,60.62
equality care center,0,8,0%,76.75
std testing lakewood,0,8,0%,97.38
free std and sti testing,0,7,0%,1.14
can community health,0,7,0%,1.29
ccare phone number,0,7,0%,2.29
pep clinic,0,7,0%,3.43
affordable std testing,0,7,0%,3.71
immediate care,0,7,0%,3.71
same day std testing,0,7,0%,3.86
tuberculosis test near me,0,7,0%,4
ccare locations,0,7,0%,4.14
care clinical,0,7,0%,4.29
hiv std testing near me,0,7,0%,4.43
sti clinics near me,0,7,0%,4.86
hiv case management near me,0,7,0%,5.71
free clinic std testing,0,7,0%,6.29
gonorrhea,0,7,0%,6.29
care now hours,0,7,0%,6.57
free std testing clinics near me,0,7,0%,7.14
care tn,0,7,0%,7.86
hiv testing near me free,0,7,0%,8.14
hiv doctor,0,7,0%,9.29
where to get tested for stds near me,0,7,0%,9.57
where to get free std testing,0,7,0%,10
care 360 health insurance,0,7,0%,11.57
360 clinics,0,7,0%,15.43
std check nashville,0,7,0%,20.57
rapid testing nashville,0,7,0%,38.43
scorehealth.org,0,7,0%,39.86
cares sexual wellness services,0,7,0%,53
care customer,0,7,0%,53.29
project access nashville,0,7,0%,54.14
pharmacy near me,0,7,0%,54.71
std screening in clayton,0,7,0%,57.57
care 4 u community health center,0,7,0%,67.86
care 4 u clinic,0,7,0%,68.29
covid testing nashville,0,7,0%,75.57
std testing in clayton,0,7,0%,80.43
lentz health clinic,0,7,0%,88.71
std testing bethalto,0,7,0%,91
nat hiv test near me,0,6,0%,1
std clinics nashville tn,0,6,0%,1
my house,0,6,0%,1.17
std and sti testing,0,6,0%,1.67
kentucky care,0,6,0%,1.83
hiv services,0,6,0%,2.5
std tests near me,0,6,0%,3
does urgent care do std testing,0,6,0%,3.33
free hiv and std testing near me,0,6,0%,3.67
free sti screening,0,6,0%,3.67
where can i get an hiv test,0,6,0%,4.17
free testing,0,6,0%,4.33
care.,0,6,0%,4.67
sti screening,0,6,0%,4.67
free std sti testing,0,6,0%,4.83
sti std testing near me,0,6,0%,4.83
std hiv testing near me,0,6,0%,5.17
free hep c treatment near me,0,6,0%,5.33
mens std check,0,6,0%,5.33
std testing near me no insurance,0,6,0%,5.33
std testing clinics near me,0,6,0%,5.5
gonorrhea test,0,6,0%,5.67
sti treatment,0,6,0%,6
sti treatment near me,0,6,0%,6.67
free std tests,0,6,0%,7
herpes test near me,0,6,0%,7.33
free clinics,0,6,0%,7.5
clinic for people without insurance,0,6,0%,8
sti screening near me,0,6,0%,8.17
memphis hiv,0,6,0%,9.5
nashville cares pci dss compliance nashvillecares.org,0,6,0%,9.5
friends for all,0,6,0%,9.67
hiv kit near me,0,6,0%,9.83
get tested for stds near me,0,6,0%,10.33
hiv aids,0,6,0%,11.17
clinics in nashville,0,6,0%,20.33
care memphis,0,6,0%,21.83
health care nashville,0,6,0%,27.33
clinic in nashville tn,0,6,0%,29
care for us,0,6,0%,31.17
360 services,0,6,0%,33.17
someone cares inc,0,6,0%,33.33
std testing farmington hills,0,6,0%,39.33
clinicas cerca de mi,0,6,0%,40.67
cares community health,0,6,0%,45
std testing centennial,0,6,0%,45.5
free drug test near me,0,6,0%,56.33
std testing rogersville,0,6,0%,60.83
personal care near me,0,6,0%,75.67
health care for you,0,6,0%,85.17
std testing rutherford college,0,6,0%,85.67
aids testing near me,0,5,0%,1
comcare,0,5,0%,1
low income dr near me,0,5,0%,1
hiv services near me,0,5,0%,1.2
vivent health,0,5,0%,1.2
my clinic,0,5,0%,1.4
hiv clinics,0,5,0%,2
free std testing sites near me,0,5,0%,2.4
aids care,0,5,0%,2.6
hiv care,0,5,0%,2.6
360 medical,0,5,0%,2.8
hiv and std testing,0,5,0%,2.8
pruebas de vih gratis cerca de mi,0,5,0%,2.8
std check,0,5,0%,2.8
trans clinic,0,5,0%,2.8
ryan white program near me,0,5,0%,3
where can i get tested for bv for free,0,5,0%,3
care health,0,5,0%,4.2
free hiv and std testing,0,5,0%,4.4
care now,0,5,0%,4.6
std and sti testing near me,0,5,0%,4.6
free hiv clinic near me,0,5,0%,4.8
hiv doctors near me,0,5,0%,4.8
discreet std testing,0,5,0%,5
hiv testing clinic near me,0,5,0%,5
sti/std testing,0,5,0%,5
free health clinics near me,0,5,0%,5.2
get tested near me,0,5,0%,5.2
getting tested for stds,0,5,0%,5.2
birth control clinic near me,0,5,0%,5.8
teen care,0,5,0%,5.8
sti testing free near me,0,5,0%,6
free same day sti testing,0,5,0%,6.2
syphilis test,0,5,0%,6.2
testing for hiv,0,5,0%,6.2
where can i get tested for stds for free,0,5,0%,6.2
aids test,0,5,0%,6.4
clinic std,0,5,0%,6.8
where to get free low cost sti testing,0,5,0%,7.2
uti testing near me,0,5,0%,7.4
same day std testing near me,0,5,0%,7.6
std clinics near me free,0,5,0%,7.6
std test memphis,0,5,0%,7.6
family planning clinic near me,0,5,0%,8
walk in std testing,0,5,0%,9.4
free medical clinic nashville,0,5,0%,12.8
health 360 near me,0,5,0%,14
dr kaja switalska,0,5,0%,14.6
nashville 360,0,5,0%,17.2
cares medical clinic,0,5,0%,17.4
"care, nashville, tennessee, united states",0,5,0%,18
clinica cerca de mi,0,5,0%,19.4
alliance care360,0,5,0%,21.6
personal care services,0,5,0%,25
clinic nashville tn,0,5,0%,26.4
clinics,0,5,0%,30.6
health clinic near me,0,5,0%,32
free std testing jackson tn,0,5,0%,37.4
cares center,0,5,0%,38.4
carespot std testing,0,5,0%,38.6
3810 bedford ave nashville tn 37215,0,5,0%,41.2
urgent care nashville tn,0,5,0%,43.8
share clinic,0,5,0%,47
check clinic,0,5,0%,47.4
home health care services near me,0,5,0%,52.4
std testing kendall,0,5,0%,57
std testing clarksville tn,0,5,0%,57.8
3055 lebanon pike nashville tn 37214,0,5,0%,59.2
preventive healthcare nashville,0,5,0%,59.2
positively u,0,5,0%,61
cares academy,0,5,0%,70.2
cares values,0,5,0%,74.4
nashville health services,0,5,0%,76.8
health to health,0,5,0%,78.2
"care center, nashville, tennessee, united states",0,4,0%,1
chlamydia test near me,0,4,0%,1
crhc,0,4,0%,1
dr care,0,4,0%,1
prep clinic,0,4,0%,1
std testing in bartlett tn,0,4,0%,1
caring health center,0,4,0%,1.25
free clinics for chlamydia testing,0,4,0%,1.25
std test center,0,4,0%,1.25
house clinic,0,4,0%,1.5
the care clinic,0,4,0%,1.5
communitycare health centers,0,4,0%,1.75
gender affirming care near me,0,4,0%,1.75
hiv clinics near me,0,4,0%,1.75
same day std results,0,4,0%,2
sexually transmitted diseases test near me,0,4,0%,2
walk-in std testing free,0,4,0%,2
free clinic near me open now,0,4,0%,2.25
pruebas de vih cerca de mi,0,4,0%,2.25
sti tests near me,0,4,0%,2.25
where to get an std test,0,4,0%,2.25
hiv free testing near me,0,4,0%,2.5
where to get hiv test,0,4,0%,2.75
gonorrhea symptoms,0,4,0%,3.25
health clinic std testing,0,4,0%,3.25
mycare,0,4,0%,3.25
tb blood test near me,0,4,0%,3.25
hiv testing center near me,0,4,0%,3.5
hpv testing near me,0,4,0%,3.5
free aids testing,0,4,0%,3.75
free uti testing near me,0,4,0%,3.75
friends clinic,0,4,0%,3.75
hiv centers near me,0,4,0%,3.75
nps pharmacy,0,4,0%,3.75
vih test near me,0,4,0%,3.75
where to get tested for bv,0,4,0%,3.75
hsv testing near me,0,4,0%,4
sti and std testing near me,0,4,0%,4
where to get tested for stis,0,4,0%,4.5
community clinic,0,4,0%,4.75
free std check,0,4,0%,4.75
free syphilis testing near me,0,4,0%,4.75
herpes support groups near me,0,4,0%,4.75
where can i get std tested for free,0,4,0%,4.75
where to get checked for sti,0,4,0%,4.75
chlamydia antibiotics,0,4,0%,5
free clinic testing,0,4,0%,5
pca services,0,4,0%,5
clínica para hacer examen físico cerca de mi,0,4,0%,5.25
free tb skin test near me,0,4,0%,5.25
gonorrhea treatment,0,4,0%,5.25
where can i get free std testing,0,4,0%,5.25
hpv testing,0,4,0%,5.5
clinique near me,0,4,0%,5.75
gay clinic near me,0,4,0%,6
where can i get a tick tested for lyme disease,0,4,0%,6
360,0,4,0%,6.25
free aids testing near me,0,4,0%,6.25
text care,0,4,0%,6.25
transgender clinic,0,4,0%,6.25
care for you,0,4,0%,6.5
sti check near me,0,4,0%,6.75
free std testing in memphis,0,4,0%,7.25
free std testing and treatment near me,0,4,0%,8.25
buy my house nashville,0,4,0%,8.5
clinics for std testing near me,0,4,0%,8.5
free std,0,4,0%,8.5
hiv at home testing,0,4,0%,8.5
testing for stds near me,0,4,0%,8.5
where to get std tested for free,0,4,0%,8.5
care 360 medical center,0,4,0%,8.75
nashville cares official website,0,4,0%,8.75
sti clinics,0,4,0%,8.75
nashville health department std testing,0,4,0%,9
pregnancy test near me,0,4,0%,9.25
std testing in memphis,0,4,0%,9.5
fast sti testing near me,0,4,0%,10
std screening,0,4,0%,10.25
hiv and treatment,0,4,0%,10.5
does carenow do std testing,0,4,0%,11
hiv prep drugs,0,4,0%,11
care program,0,4,0%,11.5
finding a doctor without insurance,0,4,0%,13
nashville cares latest,0,4,0%,15.5
health care,0,4,0%,16.75
free sti treatment near me,0,4,0%,18.5
cares lab,0,4,0%,26
free clinic near me for std testing,0,4,0%,26.75
sexual health near me,0,4,0%,31
cares oxford,0,4,0%,37
cares medical,0,4,0%,40.5
graith care,0,4,0%,40.5
care sherpa,0,4,0%,42
free std testing knoxville,0,4,0%,42
jackson tn std clinic,0,4,0%,43.5
care practice,0,4,0%,46
kimberly cares,0,4,0%,46.5
careshare,0,4,0%,49
360 health assessment,0,4,0%,50.75
cared 4,0,4,0%,54.25
positive care clinic,0,4,0%,55.5
nashville aids walk,0,4,0%,56.75
portal.care360.com,0,4,0%,58
tenncare pcmh,0,4,0%,58.75
care experts,0,4,0%,60
cares institute,0,4,0%,60.5
lauren mckenna hcs,0,4,0%,62.5
care365,0,4,0%,65.5
david powell clinic,0,4,0%,75
alder health services,0,4,0%,77.25
positive care center,0,4,0%,83.25
std testing nashua,0,4,0%,92
inclusive healthcare,0,4,0%,94.75
acc clinic,0,3,0%,1
aids clinic near me,0,3,0%,1
care center,0,3,0%,1
cares team,0,3,0%,1
corner clinic,0,3,0%,1
free std testing today,0,3,0%,1
free std trsting,0,3,0%,1
hiv testing free,0,3,0%,1
std doctor near me,0,3,0%,1
free sti and hiv testing near me,0,3,0%,1.33
where can i go get tested for stds,0,3,0%,1.33
free std treatment,0,3,0%,1.67
free walk in sti testing,0,3,0%,1.67
kentucky cares,0,3,0%,1.67
prep medication near me,0,3,0%,1.67
where can i get a tb test,0,3,0%,1.67
where to test for hiv near me,0,3,0%,1.67
csre medical,0,3,0%,2
free charitable clinics near me,0,3,0%,2
free chlamydia treatment,0,3,0%,2
free full panel std testing,0,3,0%,2
freecare,0,3,0%,2
nashville hiv,0,3,0%,2
retail health clinic,0,3,0%,2
same day hiv testing,0,3,0%,2
where to get free std testing near me,0,3,0%,2
c.a.r.e.s,0,3,0%,2.33
free hiv testing near me same day,0,3,0%,2.33
gender affirming care clinic near me,0,3,0%,2.33
get tested,0,3,0%,2.33
std and hiv testing,0,3,0%,2.33
testing for std,0,3,0%,2.33
the care,0,3,0%,2.33
cares care,0,3,0%,2.67
community care services,0,3,0%,2.67
community cares,0,3,0%,2.67
trans clinic near me,0,3,0%,2.67
clinic for sti,0,3,0%,3
free std checks,0,3,0%,3
getting tested for stds free,0,3,0%,3
imagine 360 providers near me,0,3,0%,3
test hiv near me,0,3,0%,3
walk in clinic near me no insurance,0,3,0%,3
where can i get the meningitis vaccine for free,0,3,0%,3
clonic,0,3,0%,3.33
free child vaccination centre near me,0,3,0%,3.33
hiv testing clinics,0,3,0%,3.33
rapid std test,0,3,0%,3.33
test for chlamydia near me,0,3,0%,3.33
free std testing near,0,3,0%,3.67
hiv rapid testing,0,3,0%,3.67
same day sti testing,0,3,0%,3.67
vd clinic,0,3,0%,3.67
care clinics,0,3,0%,4
care now near me open now,0,3,0%,4
community clinic near me,0,3,0%,4
consultant clinic,0,3,0%,4
std test free near me,0,3,0%,4
the house clinic,0,3,0%,4
transgender clinic near me,0,3,0%,4
care care,0,3,0%,4.33
free std screening near me,0,3,0%,4.33
free tb test near me,0,3,0%,4.33
health clinic std testing near me,0,3,0%,4.33
step up care,0,3,0%,4.33
sti testing near me free,0,3,0%,4.33
cc's care clinic,0,3,0%,4.67
free clinic std testing near me,0,3,0%,4.67
free sti,0,3,0%,4.67
std sti testing,0,3,0%,4.67
std treatment,0,3,0%,4.67
where can i get free std testing near me,0,3,0%,4.67
clinica cares,0,3,0%,5
community health services,0,3,0%,5
free std clinics near me,0,3,0%,5
std testing near me for free,0,3,0%,5
c-care,0,3,0%,5.33
clinic for std testing near me,0,3,0%,5.33
free clinic near me within 5 mi,0,3,0%,5.33
free testing for stds near me,0,3,0%,5.33
house dr,0,3,0%,5.33
rapid std testing,0,3,0%,5.33
sexual health doctor,0,3,0%,5.33
sti testing near me walk in,0,3,0%,5.33
where to get pep for free,0,3,0%,5.33
chlamydia symptoms,0,3,0%,5.67
free clinic for std testing,0,3,0%,5.67
hiv prep,0,3,0%,5.67
iud removal near me,0,3,0%,5.67
mycoplasma genitalium test near me,0,3,0%,5.67
sti rapid testing near me,0,3,0%,5.67
full std panel,0,3,0%,6
instant hiv test near me,0,3,0%,6
walk-in birth control clinics near me,0,3,0%,6
where can i get a std test near me,0,3,0%,6
dr bourgi,0,3,0%,6.33
full panel sti testing,0,3,0%,6.33
herpes testing,0,3,0%,6.33
where can you get midepristone states,0,3,0%,6.33
where to get tested for herpes,0,3,0%,6.33
free rapid hiv testing near me,0,3,0%,6.67
free std clinics,0,3,0%,6.67
hiv tests,0,3,0%,6.67
std testing same day results,0,3,0%,6.67
care for aids,0,3,0%,7
clinic std testing near me,0,3,0%,7
clinics for hiv testing,0,3,0%,7
free sti tests,0,3,0%,7
free testing std,0,3,0%,7
std home testing,0,3,0%,7
mycoplasma genitalium testing near me,0,3,0%,7.33
where can i get tested for stds,0,3,0%,7.33
where to get tested for hiv,0,3,0%,7.33
free pap smear,0,3,0%,7.67
free rapid hiv test,0,3,0%,7.67
today's hope nashville,0,3,0%,8
where to get tested for chlamydia near me,0,3,0%,8
free walk in clinic near me,0,3,0%,8.33
hepatitis testing near me,0,3,0%,8.33
360 care locations near me,0,3,0%,8.67
free low cost clinics near me,0,3,0%,8.67
nashville sti testing,0,3,0%,8.67
wellness 360 newport tn,0,3,0%,8.67
where to get tested for stds,0,3,0%,8.67
hiv/std testing near me,0,3,0%,9
otc hiv test,0,3,0%,9
syphilis treatment near me,0,3,0%,9
where to get birth control,0,3,0%,9
care health center,0,3,0%,9.33
cares program,0,3,0%,9.33
school physicals near me,0,3,0%,9.33
aids,0,3,0%,9.67
free health care near me,0,3,0%,9.67
hep c testing near me,0,3,0%,9.67
services for you,0,3,0%,9.67
std clinics,0,3,0%,9.67
std testing center,0,3,0%,9.67
free std treatment near me,0,3,0%,10
late term abortion nashville tn,0,3,0%,10
places to get std tested near me,0,3,0%,10
abscess drainage near me,0,3,0%,10.33
std testing brentwood,0,3,0%,10.33
syphilis testing,0,3,0%,10.33
free std testing near me walk-in,0,3,0%,10.67
herpes treatment,0,3,0%,10.67
small clinics near me,0,3,0%,11.33
what time clinic open,0,3,0%,11.67
centro de salud cerca de mi,0,3,0%,12.33
free women's clinic near me,0,3,0%,12.67
health department std testing,0,3,0%,12.67
free hepatitis c testing,0,3,0%,13
free clinic memphis tn,0,3,0%,13.33
community health centers,0,3,0%,14
no insurance clinics near me,0,3,0%,14
menna alshabrawey,0,3,0%,14.33
neighborhood clinic,0,3,0%,14.33
top rated std testing near me,0,3,0%,14.33
care evolve,0,3,0%,14.67
free std testing clinic,0,3,0%,15.33
free flu shots near me,0,3,0%,18
low income health clinic near me,0,3,0%,20
klinefelter care nashville tn,0,3,0%,21.33
urgent cares near me,0,3,0%,21.67
care for my home 360,0,3,0%,22
low income clinic near me,0,3,0%,22.33
nashville urgent care,0,3,0%,26
cares hiv,0,3,0%,26.33
centros de salud comunitarios cerca de mi,0,3,0%,28.67
free hpv testing near me,0,3,0%,31
clinics in nashville tn,0,3,0%,31.33
cares services,0,3,0%,31.67
our care team,0,3,0%,31.67
averhealth nashville,0,3,0%,37.33
at home health care near me,0,3,0%,38.33
arlene cooper community health center,0,3,0%,40.33
care 4 us,0,3,0%,43.67
check 360,0,3,0%,44.33
std testing tennesse,0,3,0%,45.33
score health,0,3,0%,47
dimensional health care associates,0,3,0%,48
live2540,0,3,0%,53
care360 portal,0,3,0%,55.33
his care,0,3,0%,57.33
rapid test nashville,0,3,0%,59.33
care squared,0,3,0%,62.67
friends family health center,0,3,0%,64
nashville lifecare planning,0,3,0%,64.67
360 privacy nashville,0,3,0%,69
free health check up near me,0,3,0%,69.33
take care for your health,0,3,0%,72.67
we are clinic,0,3,0%,72.67
care 7,0,3,0%,75
health assessments near me,0,3,0%,75.33
lentz health center nashville,0,3,0%,80.33
lentz health center,0,3,0%,82
care 4 u,0,3,0%,83.67
std testing westwood,0,3,0%,86
one to one clinic,0,3,0%,86.67
callie clinic,0,3,0%,87
pharmacy in nashville tn,0,3,0%,157
care medical center,0,2,0%,1
cc care clinic,0,2,0%,1
cheap tb skin test near me,0,2,0%,1
clinic near me std testing,0,2,0%,1
community care health provider phone number,0,2,0%,1
community service healthcare,0,2,0%,1
doc in the box near me,0,2,0%,1
emergency copper iud near me,0,2,0%,1
free health care clinic near me,0,2,0%,1
free std and hiv testing,0,2,0%,1
free std hiv testing,0,2,0%,1
free std testing erie pa,0,2,0%,1
free sti check,0,2,0%,1
free test clinic near me,0,2,0%,1
free testing for hiv near me,0,2,0%,1
herpes clinic near me,0,2,0%,1
hiv free testing,0,2,0%,1
hiv std testing,0,2,0%,1
hiv testing centers near me,0,2,0%,1
local guide program,0,2,0%,1
low cost clinic,0,2,0%,1
low cost dr near me,0,2,0%,1
my care clinic,0,2,0%,1
nashville cares reviews,0,2,0%,1
nashville trans,0,2,0%,1
primary care 360,0,2,0%,1
qcare near me,0,2,0%,1
stds in women,0,2,0%,1
sti health clinic near me,0,2,0%,1
sti kit near me,0,2,0%,1
sti walk in,0,2,0%,1
tested near me,0,2,0%,1
walk in clinic near me with xray,0,2,0%,1
walk in std testing near me free,0,2,0%,1
where can i go for std testing without insurance,0,2,0%,1
care 36,0,2,0%,1.5
care central,0,2,0%,1.5
cares.,0,2,0%,1.5
caring place,0,2,0%,1.5
choicecare,0,2,0%,1.5
community care rx,0,2,0%,1.5
csre healthcare,0,2,0%,1.5
free hiv screening,0,2,0%,1.5
pep clinic near me,0,2,0%,1.5
sliding fee scale clinics near me,0,2,0%,1.5
std health clinic near me,0,2,0%,1.5
std walk in clinic near me,0,2,0%,1.5
sti testing without insurance,0,2,0%,1.5
take care,0,2,0%,1.5
aids healthcare foundation,0,2,0%,2
aids testing,0,2,0%,2
centercare,0,2,0%,2
clinica para infecciones sexuales,0,2,0%,2
clinicles,0,2,0%,2
does urgent care do std treatment,0,2,0%,2
free clinic walk in,0,2,0%,2
free flu vaccines near me,0,2,0%,2
free hiv treatment,0,2,0%,2
free std check up near me,0,2,0%,2
full sti testing,0,2,0%,2
hiv prep near me,0,2,0%,2
hsv testing free,0,2,0%,2
my 360,0,2,0%,2
pruebas de ets cerca de mi,0,2,0%,2
rapid test hiv,0,2,0%,2
same day std test results near me,0,2,0%,2
same day sti testing and results,0,2,0%,2
std appointment,0,2,0%,2
std checks near me free,0,2,0%,2
std doctor,0,2,0%,2
std testing memphis free,0,2,0%,2
std testing with no insurance,0,2,0%,2
std testing without insurance,0,2,0%,2
sti testing no insurance,0,2,0%,2
where can i get a sti test for free,0,2,0%,2
where can i get tested for a sti,0,2,0%,2
where can i go to get tested for sexually transmitted diseases,0,2,0%,2
where can you get std testing,0,2,0%,2
where do you go for std testing,0,2,0%,2
where to have hiv test,0,2,0%,2
can i get an std test for free,0,2,0%,2.5
home hiv test near me,0,2,0%,2.5
implant contraceptive near me,0,2,0%,2.5
shc,0,2,0%,2.5
sti screening free near me,0,2,0%,2.5
tb blood test,0,2,0%,2.5
where to get a hepatitis b titer,0,2,0%,2.5
where to get free std test,0,2,0%,2.5
360 clinic near me,0,2,0%,3
360 community,0,2,0%,3
cares 4 u,0,2,0%,3
charity clinic,0,2,0%,3
does urgent care do herpes testing,0,2,0%,3
free full panel testing near me,0,2,0%,3
free rapid std testing near me,0,2,0%,3
free syringes near me,0,2,0%,3
full std panel test,0,2,0%,3
full sti test,0,2,0%,3
hiv test for free,0,2,0%,3
my,0,2,0%,3
same day std testing results near me,0,2,0%,3
testing for hiv and aids,0,2,0%,3
where can i get a rapid chlamydia test,0,2,0%,3
where can i get free std testing without insurance,0,2,0%,3
where to get tested for mono,0,2,0%,3
can urgent care do std testing,0,2,0%,3.5
care columbus,0,2,0%,3.5
free clinic no insurance,0,2,0%,3.5
free flu shot nashville,0,2,0%,3.5
free vaccines near me,0,2,0%,3.5
full panel std testing,0,2,0%,3.5
get std tested near me,0,2,0%,3.5
ppd testing,0,2,0%,3.5
textcare,0,2,0%,3.5
where can i get tested for bv,0,2,0%,3.5
care clinic near me,0,2,0%,4
clinic free std testing,0,2,0%,4
free health care,0,2,0%,4
free std testing nearby,0,2,0%,4
hiv and testing,0,2,0%,4
hiv community,0,2,0%,4
hiv testing same day results,0,2,0%,4
hsv doctor near me,0,2,0%,4
low cost std testing near me,0,2,0%,4
nat hiv testing,0,2,0%,4
nonprofit clinics,0,2,0%,4
rapid herpes test,0,2,0%,4
std center near me,0,2,0%,4
std testing cheap,0,2,0%,4
std testing no insurance,0,2,0%,4
top rated free clinic near me,0,2,0%,4
360 medical care,0,2,0%,4.5
anonymous hiv testing,0,2,0%,4.5
care spot,0,2,0%,4.5
caresoptions,0,2,0%,4.5
csvs,0,2,0%,4.5
cvs sti testing,0,2,0%,4.5
free std medication,0,2,0%,4.5
hiv programs near me,0,2,0%,4.5
how to get rid of chlamydia,0,2,0%,4.5
std centers,0,2,0%,4.5
std testing clinic near me,0,2,0%,4.5
sti testing and treatment near me,0,2,0%,4.5
tb screening,0,2,0%,4.5
where to get tested for std,0,2,0%,4.5
360 care llc,0,2,0%,5
affordable std testing near me,0,2,0%,5
ahf,0,2,0%,5
blood test for hiv,0,2,0%,5
cares california,0,2,0%,5
clinica de planificacion cerca de mi,0,2,0%,5
community care network,0,2,0%,5